mensaje , status 
https://images.dog.ceo/breeds/mountain-bernese/n02107683_5131.jpg,success
https://images.dog.ceo/breeds/otterhound/n02091635_1177.jpg,success
https://images.dog.ceo/breeds/terrier-fox/n02095314_2683.jpg,success
https://images.dog.ceo/breeds/puggle/IMG_162320.jpg,success
https://images.dog.ceo/breeds/papillon/n02086910_3795.jpg,success
https://images.dog.ceo/breeds/hound-walker/n02089867_454.jpg,success
https://images.dog.ceo/breeds/setter-english/n02100735_9939.jpg,success
https://images.dog.ceo/breeds/akita/Akita_Dog.jpg,success
https://images.dog.ceo/breeds/weimaraner/n02092339_2103.jpg,success
https://images.dog.ceo/breeds/mix/koda.jpg,success
